{
"TUTFS/42/42_TD_RGB_E_5.jpg": [
[
9.076360702514648,
0.0,
16.818939208984375,
0.0,
0.0,
0.0,
39.12540054321289,
11.17444896697998,
0.0,
0.0,
17.086915969848633,
21.321063995361328,
35.413726806640625,
0.0,
0.0,
0.0,
0.0,
0.0,
0.0,
0.0,
0.0,
4.610762596130371,
24.375085830688477,
36.8630256652832,
17.209815979003906,
12.251260757446289,
0.0,
3.877364158630371,
0.0,
0.0,
20.077646255493164,
49.56058120727539,
0.7680737972259521,
19.82636070251465,
24.587139129638672,
0.0,
0.0,
13.837997436523438,
10.391167640686035,
30.61622428894043,
0.0,
28.239330291748047,
10.775876998901367,
0.0,
36.121856689453125,
0.0,
0.0,
0.0,
0.0,
22.014389038085938,
0.0,
0.0,
5.901761054992676,
48.93238830566406,
19.62712860107422,
31.340177536010742,
61.894317626953125,
9.413799285888672,
0.0,
0.0,
19.398883819580078,
27.187549591064453,
11.109893798828125,
22.695465087890625,
8.841085433959961,
0.0,
24.911104202270508,
3.2185659408569336,
21.38115692138672,
19.871868133544922,
0.0,
11.055442810058594,
60.90015411376953,
0.0,
4.230222702026367,
65.48399353027344,
0.0,
0.0,
14.441625595092773,
0.0,
0.0,
6.646978855133057,
48.33484649658203,
44.49201202392578,
22.363813400268555,
0.0,
0.0,
0.0,
0.0,
27.36903190612793,
1.0285804271697998,
18.48326301574707,
31.56517219543457,
13.370646476745605,
21.527328491210938,
61.139434814453125,
15.222085952758789,
72.18443298339844,
0.0,
3.0686798095703125,
64.04427337646484,
22.895370483398438,
35.859214782714844,
27.63312339782715,
0.0,
0.0,
12.16946792602539,
3.106260299682617,
42.53567123413086,
0.0,
10.160606384277344,
13.624577522277832,
0.0,
16.819683074951172,
17.14270782470703,
0.0,
0.0,
0.0,
0.0,
0.0,
38.236629486083984,
26.42691993713379,
47.33863830566406,
0.0,
0.0,
28.192716598510742,
0.0,
0.0,
0.0,
0.0,
0.0,
32.312339782714844,
0.0,
0.9733467102050781,
60.628692626953125,
8.98557186126709,
0.0,
49.22663116455078,
23.28684425354004,
0.0,
0.0,
0.0,
0.0,
0.0,
0.0,
23.739154815673828,
0.0,
9.44723892211914,
0.0,
0.0,
97.59337615966797,
0.0,
1.9170827865600586,
0.0,
0.0,
0.0,
0.0,
60.204872131347656,
2.6051909923553467,
40.99264907836914
]
],
"TUTFS/112/112_TD_RGB_E_5.jpg": [
[
0.0,
0.0,
4.337045192718506,
17.746681213378906,
0.0,
0.0,
24.57691192626953,
7.435051441192627,
0.0,
0.0,
22.934898376464844,
18.94114875793457,
10.343461990356445,
0.0,
0.0,
0.0,
0.0,
22.008079528808594,
22.157535552978516,
0.0,
1.541849136352539,
12.374649047851562,
0.0,
30.50994110107422,
0.0,
25.02846908569336,
0.0,
0.0,
0.0,
0.0,
0.0,
20.508068084716797,
4.136395454406738,
0.0,
8.439794540405273,
0.0,
0.0,
3.560220718383789,
0.0,
36.548519134521484,
0.0,
17.334854125976562,
28.614707946777344,
0.0,
0.20350885391235352,
0.0,
0.0,
0.0,
0.0,
0.0,
0.0,
0.0,
48.47430419921875,
17.86406898498535,
0.0,
12.992278099060059,
7.702047824859619,
0.0,
0.0,
0.0,
18.878183364868164,
0.0,
0.0,
8.827488899230957,
13.718419075012207,
0.0,
16.737319946289062,
0.0,
0.0,
0.0,
0.0,
13.441398620605469,
31.871492385864258,
0.0,
22.691673278808594,
41.968231201171875,
2.832430124282837,
6.240838050842285,
30.329750061035156,
9.36075210571289,
11.062719345092773,
0.0,
52.391048431396484,
27.63768196105957,
13.54537582397461,
12.225805282592773,
23.34000587463379,
0.0,
9.511739730834961,
27.254613876342773,
0.0,
39.96903991699219,
3.7662196159362793,
0.0,
0.0,
21.693849563598633,
0.0,
38.24153518676758,
0.0,
19.99619483947754,
59.71790313720703,
1.6285786628723145,
16.088058471679688,
21.480737686157227,
3.490612745285034,
0.0,
14.851284980773926,
0.0,
43.61433410644531,
2.9872939586639404,
52.835723876953125,
9.42770004272461,
0.0,
26.122066497802734,
12.784358978271484,
0.0,
0.0,
5.150576114654541,
27.89319610595703,
0.0,
50.49213790893555,
0.5205135345458984,
25.339021682739258,
0.0,
0.0,
10.866168975830078,
0.0,
0.0,
0.0,
0.0,
3.977586507797241,
0.0,
0.0,
1.2541732788085938,
47.05171203613281,
0.0,
0.0,
0.0,
0.0,
0.0,
3.1085071563720703,
23.25666046142578,
0.0,
0.0,
0.0,
18.59956169128418,
0.0,
0.0,
0.0,
0.0,
65.23478698730469,
0.0,
0.0,
0.0,
0.0,
0.0,
0.0,
17.55006217956543,
32.83163070678711,
12.285025596618652
]
]
}