{
  "KDEF_cleaned": {
    "VGG-Face": {
      "cosine": 1.0145145087599279,
      "euclidean": 0.7709173440190232,
      "euclidean_l2": 1.424439896071384
    },
    "Facenet": {
      "cosine": 1.3510753617420084,
      "euclidean": 13.15482721148199,
      "euclidean_l2": 1.643821986555727
    },
    "Facenet512": {
      "cosine": 1.4625483137022097,
      "euclidean": 41.70297464341218,
      "euclidean_l2": 1.710291386695384
    },
    "OpenFace": {
      "cosine": 0.8604147397725389,
      "euclidean": 1.3118038564924444,
      "euclidean_l2": 1.3118039028547972
    },
    "DeepFace": {
      "cosine": 0.47223228399660055,
      "euclidean": 94.19416894074728,
      "euclidean_l2": 0.9718356692328192
    },
    "DeepID": {
      "cosine": 0.4703360562275478,
      "euclidean": 343.90392020302653,
      "euclidean_l2": 0.9698825250797624
    },
    "Dlib": {
      "cosine": 0.200799032601797,
      "euclidean": 0.8227191563843622,
      "euclidean_l2": 0.6337176541675273
    },
    "ArcFace": {
      "cosine": 0.6769326223373655,
      "euclidean": 12.503154465923174,
      "euclidean_l2": 1.1635571514432503
    },
    "SFace": {
      "cosine": 1.3311283487504595,
      "euclidean": 14.227587876406893,
      "euclidean_l2": 1.6316423313646036
    }
  }
}