{
  "TUTFS": {
    "VGG-Face": {
      "cosine": 1.0503529647098984,
      "euclidean": 1.2388183323708593,
      "euclidean_l2": 1.4493812229430174
    },
    "Facenet": {
      "cosine": 1.481906803338916,
      "euclidean": 21.369983364933873,
      "euclidean_l2": 1.721573003586497
    },
    "Facenet512": {
      "cosine": 1.583837357759574,
      "euclidean": 43.542150111307485,
      "euclidean_l2": 1.7797962567437733
    },
    "OpenFace": {
      "cosine": 1.2480999558433294,
      "euclidean": 1.5799367085063283,
      "euclidean_l2": 1.5799366796446808
    },
    "DeepFace": {
      "cosine": 0.7102668025595964,
      "euclidean": 120.28765441887963,
      "euclidean_l2": 1.1918614034858217
    },
    "DeepID": {
      "cosine": 0.2669225103120836,
      "euclidean": 236.80937300137958,
      "euclidean_l2": 0.7306469876925291
    },
    "Dlib": {
      "cosine": 0.2778804734548911,
      "euclidean": 1.075982322070647,
      "euclidean_l2": 0.7454937604767611
    },
    "ArcFace": {
      "cosine": 1.257746414447166,
      "euclidean": 18.91486546833894,
      "euclidean_l2": 1.5860305258393774
    },
    "SFace": {
      "cosine": 1.2913042635568677,
      "euclidean": 19.62516091557168,
      "euclidean_l2": 1.6070496343031027
    }
  },
  "KDEF_cleaned": {
    "VGG-Face": {
      "cosine": 1.1019663969338989,
      "euclidean": 0.924544617006589,
      "euclidean_l2": 1.4845648500041342
    },
    "Facenet": {
      "cosine": 1.3815808527105589,
      "euclidean": 21.767881574758764,
      "euclidean_l2": 1.662276061736172
    },
    "Facenet512": {
      "cosine": 1.5122606288599276,
      "euclidean": 44.551584565858015,
      "euclidean_l2": 1.7391150789179697
    },
    "OpenFace": {
      "cosine": 1.205202872683357,
      "euclidean": 1.5525481388174798,
      "euclidean_l2": 1.5525481459093997
    },
    "DeepFace": {
      "cosine": 0.6490963627240908,
      "euclidean": 102.51062265855991,
      "euclidean_l2": 1.1393826071378226
    },
    "DeepID": {
      "cosine": 0.2726132125128429,
      "euclidean": 199.31559948765198,
      "euclidean_l2": 0.7383944914648849
    },
    "Dlib": {
      "cosine": 0.24158672795587433,
      "euclidean": 1.0049240984131786,
      "euclidean_l2": 0.6951067946091077
    },
    "ArcFace": {
      "cosine": 1.2982302389478249,
      "euclidean": 17.925302136671267,
      "euclidean_l2": 1.611353616651432
    },
    "SFace": {
      "cosine": 1.427026564853567,
      "euclidean": 20.15327755590867,
      "euclidean_l2": 1.6893943085340184
    }
  },
  "KDEF_cleaned_complete": {
    "VGG-Face": {
      "cosine": 1.1019663969338989,
      "euclidean": 0.924544617006589,
      "euclidean_l2": 1.4845648500041342
    },
    "Facenet": {
      "cosine": 1.3815808527105589,
      "euclidean": 21.767881574758764,
      "euclidean_l2": 1.662276061736172
    },
    "Facenet512": {
      "cosine": 1.5122606288599276,
      "euclidean": 44.551584565858015,
      "euclidean_l2": 1.7391150789179697
    },
    "OpenFace": {
      "cosine": 1.205202872683357,
      "euclidean": 1.5525481388174798,
      "euclidean_l2": 1.5525481459093997
    },
    "DeepFace": {
      "cosine": 0.6490963627240908,
      "euclidean": 102.51062265855991,
      "euclidean_l2": 1.1393826071378226
    },
    "DeepID": {
      "cosine": 0.46227301326708836,
      "euclidean": 289.21198156181043,
      "euclidean_l2": 0.9615331645524127
    },
    "Dlib": {
      "cosine": 0.24991473384078644,
      "euclidean": 1.0049240984131786,
      "euclidean_l2": 0.7069861863442405
    },
    "ArcFace": {
      "cosine": 1.2982302389478249,
      "euclidean": 17.925302136671267,
      "euclidean_l2": 1.611353616651432
    },
    "SFace": {
      "cosine": 1.427026564853567,
      "euclidean": 20.15327755590867,
      "euclidean_l2": 1.6893943085340184
    }
  }
}