{
  "TUTFS": {
    "cosine": {
      "VGG-Face": 0.8660877495383967,
      "Facenet": 0.8849312827965132,
      "Facenet512": 0.9466658967645412,
      "OpenFace": 0.7351475557795139,
      "DeepFace": 0.694204833746603,
      "DeepID": 0.6508085907368628,
      "Dlib": 0.901070332785628,
      "ArcFace": 0.8255833576458275,
      "SFace": 0.8551533257323859
    },
    "euclidean": {
      "VGG-Face": 0.8506290394507734,
      "Facenet": 0.8742342963163738,
      "Facenet512": 0.9257598775442965,
      "OpenFace": 0.7351143568103046,
      "DeepFace": 0.687688545199254,
      "DeepID": 0.668447078931342,
      "Dlib": 0.903300567963489,
      "ArcFace": 0.8091383479148461,
      "SFace": 0.8466182181255274
    },
    "euclidean_l2": {
      "VGG-Face": 0.8660207570959649,
      "Facenet": 0.8849102274460448,
      "Facenet512": 0.9466475166821323,
      "OpenFace": 0.7351143014398328,
      "DeepFace": 0.694192445332092,
      "DeepID": 0.6508445290873095,
      "Dlib": 0.9010716733338932,
      "ArcFace": 0.8254130409887436,
      "SFace": 0.8550568936843577
    }
  },
  "KDEF_cleaned": {
    "cosine": {
      "VGG-Face": 0.8627442253888858,
      "Facenet": 0.8415544550303111,
      "Facenet512": 0.895246870295655,
      "OpenFace": 0.6383123827911344,
      "DeepFace": 0.585608204505404,
      "DeepID": 0.6097802931312167,
      "Dlib": 0.8499813857779961,
      "ArcFace": 0.898141153366684,
      "SFace": 0.8302142054505928
    },
    "euclidean": {
      "VGG-Face": 0.8038865349702196,
      "Facenet": 0.8537654366789439,
      "Facenet512": 0.936568626816704,
      "OpenFace": 0.6383211029826852,
      "DeepFace": 0.5903409059395682,
      "DeepID": 0.6279850614259495,
      "Dlib": 0.854326984612283,
      "ArcFace": 0.8089842507722456,
      "SFace": 0.815034732568446
    },
    "euclidean_l2": {
      "VGG-Face": 0.8627335728671823,
      "Facenet": 0.8415535900274511,
      "Facenet512": 0.8952372953918102,
      "OpenFace": 0.6383211081704911,
      "DeepFace": 0.5856137027292666,
      "DeepID": 0.6097664497686608,
      "Dlib": 0.8499722053174967,
      "ArcFace": 0.8981543508899201,
      "SFace": 0.8302297432696413
    }
  },
  "KDEF_cleaned_complete": {
    "cosine": {
      "VGG-Face": 0.8682124292522979,
      "Facenet": 0.7475855783833137,
      "Facenet512": 0.9001723422757836,
      "OpenFace": 0.5974013541567762,
      "DeepFace": 0.5629469019327472,
      "DeepID": 0.5727727809141712,
      "Dlib": 0.7181961072631566,
      "ArcFace": 0.7325797355030705,
      "SFace": 0.7386471949023362
    },
    "euclidean": {
      "VGG-Face": 0.7930576147230017,
      "Facenet": 0.7357001143767227,
      "Facenet512": 0.9240183837594699,
      "OpenFace": 0.5974170899384669,
      "DeepFace": 0.5639089224606431,
      "DeepID": 0.5815167424265143,
      "Dlib": 0.7246553400720204,
      "ArcFace": 0.6543177590581027,
      "SFace": 0.7127606003185865
    },
    "euclidean_l2": {
      "VGG-Face": 0.8682024504078238,
      "Facenet": 0.7475928656557199,
      "Facenet512": 0.9001743512858447,
      "OpenFace": 0.5974170893635972,
      "DeepFace": 0.5629501542583109,
      "DeepID": 0.5727614427263183,
      "Dlib": 0.7182014178140188,
      "ArcFace": 0.732545354012931,
      "SFace": 0.7386416338360154
    }
  }
}