{
  "KDEF_cleaned": {
    "cosine": {
      "VGG-Face": 0.9798637143327094,
      "Facenet": 0.7530518100929718,
      "Facenet512": 0.9744060314240286,
      "OpenFace": 0.6424072141329803,
      "DeepFace": 0.7241519839746853,
      "DeepID": 0.7017912068330814,
      "Dlib": 0.7566236498711553,
      "ArcFace": 0.6346828518950758,
      "SFace": 0.9443453098932428
    },
    "euclidean": {
      "VGG-Face": 0.9502485157394281,
      "Facenet": 0.7073819151269258,
      "Facenet512": 0.9747087579206254,
      "OpenFace": 0.64227762526141,
      "DeepFace": 0.74582104282033,
      "DeepID": 0.7146893430874186,
      "Dlib": 0.7569283638670665,
      "ArcFace": 0.6404305726347779,
      "SFace": 0.944257928457857
    },
    "euclidean_l2": {
      "VGG-Face": 0.9798632541727694,
      "Facenet": 0.7530276957539965,
      "Facenet512": 0.9743861466402451,
      "OpenFace": 0.6422776448426841,
      "DeepFace": 0.7242278809928488,
      "DeepID": 0.700182174382994,
      "Dlib": 0.7566506328667768,
      "ArcFace": 0.6350787460935358,
      "SFace": 0.9443657233714254
    }
  }
}