{
  "KDEF_cleaned": {
    "cosine": {
      "VGG-Face": 0.9690946073673198,
      "Facenet": 0.6950355235966303,
      "Facenet512": 0.9515388894749367,
      "OpenFace": 0.6499552927314971,
      "DeepFace": 0.7130559023457272,
      "DeepID": 0.6983223523950878,
      "Dlib": 0.6452028759072442,
      "ArcFace": 0.5896316458255626,
      "SFace": 0.7833969139587028
    },
    "euclidean": {
      "VGG-Face": 0.8920666953015673,
      "Facenet": 0.6512456557971893,
      "Facenet512": 0.9457677637385005,
      "OpenFace": 0.6499809757398263,
      "DeepFace": 0.7231037212883302,
      "DeepID": 0.6945437439944077,
      "Dlib": 0.6456128370457304,
      "ArcFace": 0.5797541744246136,
      "SFace": 0.7017813160371635
    },
    "euclidean_l2": {
      "VGG-Face": 0.9691021451551848,
      "Facenet": 0.6950333647052526,
      "Facenet512": 0.9515365579310131,
      "OpenFace": 0.6499809814885236,
      "DeepFace": 0.7130835865395017,
      "DeepID": 0.6983338447119057,
      "Dlib": 0.6452209223139873,
      "ArcFace": 0.5898120064483778,
      "SFace": 0.7833969583514219
    }
  }
}