{
   "TUTFS": {
      "cosine": {
         "VGG-Face": {
            "threshold": 0.4439679358717435,
            "eer": 0.16885760726635912
         },
         "Facenet": {
            "threshold": 0.6180961923847695,
            "eer": 0.15671169210809677
         },
         "Facenet512": {
            "threshold": 0.6022244488977956,
            "eer": 0.10228594836375943
         },
         "OpenFace": {
            "threshold": 0.2880761523046092,
            "eer": 0.3236994560264965
         },
         "DeepFace": {
            "threshold": 0.2366332665330661,
            "eer": 0.3668663982554874
         },
         "DeepID": {
            "threshold": 0.039498997995991984,
            "eer": 0.45625217197961304
         },
         "Dlib": {
            "threshold": 0.08977955911823648,
            "eer": 0.16758484702992088
         },
         "ArcFace": {
            "threshold": 0.7878156312625251,
            "eer": 0.17158379576031446
         },
         "SFace": {
            "threshold": 0.7893787575150301,
            "eer": 0.21532190772001464
         }
      },
      "euclidean": {
         "VGG-Face": {
            "threshold": 0.5814829659318638,
            "eer": 0.21038236912786823
         },
         "Facenet": {
            "threshold": 11.134669338677355,
            "eer": 0.17810315882596695
         },
         "Facenet512": {
            "threshold": 22.080460921843688,
            "eer": 0.11555313306179499
         },
         "OpenFace": {
            "threshold": 0.7599198396793588,
            "eer": 0.3230764362202806
         },
         "DeepFace": {
            "threshold": 66.77420841683367,
            "eer": 0.37601958603962826
         },
         "DeepID": {
            "threshold": 80.20218436873748,
            "eer": 0.4255074056782081
         },
         "Dlib": {
            "threshold": 0.6125050100200401,
            "eer": 0.17168992929785254
         },
         "ArcFace": {
            "threshold": 4.891142284569138,
            "eer": 0.18534598956218812
         },
         "SFace": {
            "threshold": 11.329539078156312,
            "eer": 0.24962084923709282
         }
      },
      "euclidean_l2": {
         "VGG-Face": {
            "threshold": 0.9414829659318638,
            "eer": 0.16819651880364905
         },
         "Facenet": {
            "threshold": 1.1128857715430862,
            "eer": 0.1567222212404487
         },
         "Facenet512": {
            "threshold": 1.0986773547094189,
            "eer": 0.1026618614111828
         },
         "OpenFace": {
            "threshold": 0.7599198396793588,
            "eer": 0.3230764362202806
         },
         "DeepFace": {
            "threshold": 0.6877755511022043,
            "eer": 0.36661362913739237
         },
         "DeepID": {
            "threshold": 0.28176352705410823,
            "eer": 0.45660944849191587
         },
         "Dlib": {
            "threshold": 0.42384769539078154,
            "eer": 0.16776308166447507
         },
         "ArcFace": {
            "threshold": 1.2554308617234469,
            "eer": 0.17174258661655362
         },
         "SFace": {
            "threshold": 1.2550901803607215,
            "eer": 0.2145425421010257
         }
      }
   },
   "KDEF_cleaned": {
      "cosine": {
         "VGG-Face": {
            "threshold": 0.4159719438877756,
            "eer": 0.1930555544764163
         },
         "Facenet": {
            "threshold": 0.6406813627254508,
            "eer": 0.22475110408893628
         },
         "Facenet512": {
            "threshold": 0.6427254509018037,
            "eer": 0.1642307040839636
         },
         "OpenFace": {
            "threshold": 0.2788577154308617,
            "eer": 0.40080613643462415
         },
         "DeepFace": {
            "threshold": 0.2852705410821643,
            "eer": 0.447015482885456
         },
         "DeepID": {
            "threshold": 0.039278557114228466,
            "eer": 0.4400813226379412
         },
         "Dlib": {
            "threshold": 0.08066132264529058,
            "eer": 0.21707283956756387
         },
         "ArcFace": {
            "threshold": 0.77374749498998,
            "eer": 0.14866269072922705
         },
         "SFace": {
            "threshold": 0.7622845691382765,
            "eer": 0.22101004130427013
         }
      },
      "euclidean": {
         "VGG-Face": {
            "threshold": 0.35038076152304615,
            "eer": 0.2663526662854283
         },
         "Facenet": {
            "threshold": 12.172004008016032,
            "eer": 0.223654493587582
         },
         "Facenet512": {
            "threshold": 25.53939879759519,
            "eer": 0.14754000282820812
         },
         "OpenFace": {
            "threshold": 0.7471743486973949,
            "eer": 0.40096017276932855
         },
         "DeepFace": {
            "threshold": 50.74637274549098,
            "eer": 0.4443008595732514
         },
         "DeepID": {
            "threshold": 48.731543086172344,
            "eer": 0.42805327986673236
         },
         "Dlib": {
            "threshold": 0.5869739478957916,
            "eer": 0.21585769101670974
         },
         "ArcFace": {
            "threshold": 4.419619238476954,
            "eer": 0.1982602538083687
         },
         "SFace": {
            "threshold": 11.029418837675351,
            "eer": 0.27613305087511286
         }
      },
      "euclidean_l2": {
         "VGG-Face": {
            "threshold": 0.9107214428857716,
            "eer": 0.1921118148393904
         },
         "Facenet": {
            "threshold": 1.1311823647294588,
            "eer": 0.2247478504841364
         },
         "Facenet512": {
            "threshold": 1.1332665330661322,
            "eer": 0.164074336808507
         },
         "OpenFace": {
            "threshold": 0.7471743486973949,
            "eer": 0.40096017276932855
         },
         "DeepFace": {
            "threshold": 0.756192384769539,
            "eer": 0.4473156886298264
         },
         "DeepID": {
            "threshold": 0.2802805611222445,
            "eer": 0.4400813226379412
         },
         "Dlib": {
            "threshold": 0.4012024048096192,
            "eer": 0.21631499245552177
         },
         "ArcFace": {
            "threshold": 1.2434068136272545,
            "eer": 0.14821850083214586
         },
         "SFace": {
            "threshold": 1.2327855711422844,
            "eer": 0.21957554151638572
         }
      }
   },
   "KDEF_cleaned_complete": {
      "cosine": {
         "VGG-Face": {
            "threshold": 0.4293186372745491,
            "eer": 0.19508640723370094
         },
         "Facenet": {
            "threshold": 0.6880360721442885,
            "eer": 0.3152079078698422
         },
         "Facenet512": {
            "threshold": 0.6488176352705411,
            "eer": 0.16782045323305306
         },
         "OpenFace": {
            "threshold": 0.3297795591182364,
            "eer": 0.4335275324760684
         },
         "DeepFace": {
            "threshold": 0.3282565130260521,
            "eer": 0.4610407834631437
         },
         "DeepID": {
            "threshold": 0.061222444889779556,
            "eer": 0.4541058341901288
         },
         "Dlib": {
            "threshold": 0.09268537074148296,
            "eer": 0.33982624657868665
         },
         "ArcFace": {
            "threshold": 0.8258517034068136,
            "eer": 0.30690333000004694
         },
         "SFace": {
            "threshold": 0.8396593186372745,
            "eer": 0.3365710576846336
         }
      },
      "euclidean": {
         "VGG-Face": {
            "threshold": 0.34478957915831665,
            "eer": 0.2782019971549696
         },
         "Facenet": {
            "threshold": 11.953867735470942,
            "eer": 0.32058675229926337
         },