{
   "KDEF_cleaned": {
      "cosine": {
         "VGG-Face": {
            "threshold": 0.353627254509018,
            "eer": 0.09435594803829053
         },
         "Facenet": {
            "threshold": 0.36521042084168337,
            "eer": 0.3623615864565288
         },
         "Facenet512": {
            "threshold": 0.547935871743487,
            "eer": 0.12045536917320412
         },
         "OpenFace": {
            "threshold": 0.1656312625250501,
            "eer": 0.39605362365788277
         },
         "DeepFace": {
            "threshold": 0.18853707414829657,
            "eer": 0.358130167180744
         },
         "DeepID": {
            "threshold": 0.0721442885771543,
            "eer": 0.3661243268874147
         },
         "Dlib": {
            "threshold": 0.051342685370741485,
            "eer": 0.4049302357243795
         },
         "ArcFace": {
            "threshold": 0.032705410821643285,
            "eer": 0.4411175898931001
         },
         "SFace": {
            "threshold": 0.5290180360721443,
            "eer": 0.31812249123251785
         }
      },
      "euclidean": {
         "VGG-Face": {
            "threshold": 0.2907414829659319,
            "eer": 0.18692084149049543
         },
         "Facenet": {
            "threshold": 4.720721442885772,
            "eer": 0.3968391525001995
         },
         "Facenet512": {
            "threshold": 23.07006012024048,
            "eer": 0.12923747552851367
         },
         "OpenFace": {
            "threshold": 0.5740280561122244,
            "eer": 0.3961354300174176
         },
         "DeepFace": {
            "threshold": 48.70460921843688,
            "eer": 0.34362154523645205
         },
         "DeepID": {
            "threshold": 76.50102204408817,
            "eer": 0.3679474232757285
         },
         "Dlib": {
            "threshold": 0.4125050100200401,
            "eer": 0.4049923005779261
         },
         "ArcFace": {
            "threshold": 2.68250501002004,
            "eer": 0.45492467242245416
         },
         "SFace": {
            "threshold": 7.385911823647295,
            "eer": 0.4250045774003183
         }
      },
      "euclidean_l2": {
         "VGG-Face": {
            "threshold": 0.8425250501002004,
            "eer": 0.09428137162387384
         },
         "Facenet": {
            "threshold": 0.8531062124248497,
            "eer": 0.3623889100153519
         },
         "Facenet512": {
            "threshold": 1.0478557114228457,
            "eer": 0.12033335211241156
         },
         "OpenFace": {
            "threshold": 0.5740280561122244,
            "eer": 0.3961354300174176
         },
         "DeepFace": {
            "threshold": 0.6147094188376754,
            "eer": 0.35848851894104783
         },
         "DeepID": {
            "threshold": 0.38100200400801604,
            "eer": 0.3664932418792224
         },
         "Dlib": {
            "threshold": 0.31935871743486977,
            "eer": 0.40461312751463596
         },
         "ArcFace": {
            "threshold": 0.25791583166332666,
            "eer": 0.4417713835016408
         },
         "SFace": {
            "threshold": 1.028697394789579,
            "eer": 0.31810448679126585
         }
      }
   }
}