{
   "KDEF_cleaned": {
      "cosine": {
         "VGG-Face": {
            "threshold": 0.31587174348697394,
            "eer": 0.06976200919536629
         },
         "Facenet": {
            "threshold": 0.303627254509018,
            "eer": 0.31047411159759697
         },
         "Facenet512": {
            "threshold": 0.49651302605210423,
            "eer": 0.08642133614781512
         },
         "OpenFace": {
            "threshold": 0.16246492985971941,
            "eer": 0.41314545753604914
         },
         "DeepFace": {
            "threshold": 0.19278557114228456,
            "eer": 0.3732408183406045
         },
         "DeepID": {
            "threshold": 0.08080160320641284,
            "eer": 0.3865381286568029
         },
         "Dlib": {
            "threshold": 0.04208416833667334,
            "eer": 0.31650429221526866
         },
         "ArcFace": {
            "threshold": 0.0312625250501002,
            "eer": 0.4084646616747472
         },
         "SFace": {
            "threshold": 0.40406813627254506,
            "eer": 0.13193784120370008
         }
      },
      "euclidean": {
         "VGG-Face": {
            "threshold": 0.2702404809619239,
            "eer": 0.12159749907968012
         },
         "Facenet": {
            "threshold": 4.275470941883767,
            "eer": 0.3559640840271631
         },
         "Facenet512": {
            "threshold": 21.520961923847697,
            "eer": 0.08295049658110956
         },
         "OpenFace": {
            "threshold": 0.5689779559118237,
            "eer": 0.4127080314553586
         },
         "DeepFace": {
            "threshold": 48.69186372745491,
            "eer": 0.34800950475041703
         },
         "DeepID": {
            "threshold": 79.88777555110221,
            "eer": 0.3736612674567058
         },
         "Dlib": {
            "threshold": 0.3764729458917836,
            "eer": 0.31229924298794576
         },
         "ArcFace": {
            "threshold": 2.443366733466934,
            "eer": 0.4111791255786267
         },
         "SFace": {
            "threshold": 5.494509018036073,
            "eer": 0.1285816695777494
         }
      },
      "euclidean_l2": {
         "VGG-Face": {
            "threshold": 0.7942685370741484,
            "eer": 0.06947533934347905
         },
         "Facenet": {
            "threshold": 0.7764328657314629,
            "eer": 0.3103828236980411
         },
         "Facenet512": {
            "threshold": 0.9972745490981964,
            "eer": 0.08691823055775301
         },
         "OpenFace": {
            "threshold": 0.5689779559118237,
            "eer": 0.4127080314553586
         },
         "DeepFace": {
            "threshold": 0.6214028056112223,
            "eer": 0.37394793730859305
         },
         "DeepID": {
            "threshold": 0.4018837675350701,
            "eer": 0.3863661267456706
         },
         "Dlib": {
            "threshold": 0.2889779559118236,
            "eer": 0.3147407635130372
         },
         "ArcFace": {
            "threshold": 0.24348697394789579,
            "eer": 0.40611833551338183
         },
         "SFace": {
            "threshold": 0.8974949899799598,
            "eer": 0.1331137456627478
         }
      }
   }
}